,index
0,8000
1,11412
2,16546
3,16349
4,13678
5,14321
6,14449
7,5368
8,7224
9,15684
10,15551
11,3563
12,13694
13,10683
14,14834
15,16105
16,14770
17,15813
18,15631
19,9102
20,13473
21,6791
22,7041
23,17523
24,17167
25,11193
26,10556
27,525
28,14029
29,2542
30,8428
31,15649
32,17963
33,1851
34,13647
35,7813
36,13832
37,4739
38,9334
39,17902
40,7832
41,11692
42,12386
43,16909
44,5044
45,17421
46,11723
47,3572
48,7078
49,2211
50,580
51,63
52,9112
53,6743
54,17011
55,16916
56,10847
57,11360
58,11048
59,751
60,17747
61,11856
62,7289
63,5715
64,6822
65,5923
66,6105
67,418
68,7597
69,5934
70,4607
71,10273
72,16494
73,11512
74,5200
75,10063
76,4336
77,9670
78,3187
79,14354
80,16753
81,11520
82,13772
83,11696
84,10018
85,12315
86,11628
87,9223
88,10662
89,6673
90,4180
91,7160
92,13612
93,16274
94,13524
95,4993
96,9901
97,4557
98,15365
99,17888
100,16936
101,6995
102,1787
103,9380
104,15467
105,13564
106,4909
107,3411
108,16716
109,2655
110,7561
111,10854
112,12625
113,4956
114,5516
115,11255
116,875
117,15957
118,5131
119,10464
120,11795
121,11492
122,10182
123,12982
124,9090
125,10709
126,4296
127,8159
128,882
129,13666
130,3975
131,9948
132,13307
133,3149
134,9515
135,12161
136,10762
137,10310
138,3728
139,9724
140,6268
141,17881
142,7840
143,15319
144,14858
145,13436
146,1615
147,13781
148,11991
149,1406
150,4068
151,12125
152,14401
153,7899
154,12887
155,3412
156,13684
157,3947
158,14586
159,163
160,3459
161,9044
162,2627
163,2864
164,17680
165,10858
166,1821
167,7209
168,5568
169,10988
170,5353
171,5302
172,8299
173,5236
174,10074
175,6460
176,12712
177,10872
178,15532
179,17374
180,16132
181,4916
182,10309
183,2143
184,12374
185,11610
186,14213
187,6426
188,15725
189,16708
190,5825
191,5914
192,6480
193,2702
194,2514
195,14349
196,15874
197,17273
198,4163
199,4244
200,14330
201,7418
202,16320
203,612
204,8245
205,4611
206,17174
207,714
208,6660
209,7879
210,8391
211,12728
212,3065
213,16392
214,2747
215,11711
216,6667
217,2657
218,1786
219,10446
220,16386
221,5507
222,451
223,7752
224,11158
225,8362
226,1742
227,6170
228,4573
229,12985
230,9262
231,5177
232,10851
233,15556
234,2689
235,8264
236,11515
237,15842
238,8375
239,13368
240,13339
241,13710
242,4092
243,1795
244,3814
245,7048
246,84
247,17486
248,1062
249,9485
250,7203
251,5826
252,16759
253,7081
254,7210
255,14178
256,3166
257,16260
258,9932
259,7140
260,3624
261,17936
262,7741
263,14960
264,7975
265,17824
266,1927
267,3607
268,16400
269,5191
270,4852
271,1333
272,15658
273,1737
274,8218
275,9627
276,15866
277,8642
278,16418
279,253
280,6640
281,7345
282,2147
283,8929
284,4662
285,16328
286,1543
287,7855
288,13413
289,8288
290,8032
291,14310
292,143
293,3755
294,9725
295,7493
296,9633
297,8512
298,14052
299,2409
300,9671
301,10206
302,5462
303,11731
304,1478
305,17547
306,4218
307,11849
308,15539
309,7924
310,11487
311,12273
312,7847
313,10406
314,742
315,16510
316,8104
317,8638
318,1527
319,2505
320,948
321,10617
322,10250
323,13760
324,13171
325,6525
326,10084
327,6834
328,8289
329,10384
330,10792
331,4846
332,16725
333,15124
334,17304
335,258
336,7837
337,6006
338,15914
339,17440
340,13222
341,14326
342,743
343,12668
344,6926
345,8584
346,17613
347,11854
348,13768
349,16488
350,9608
351,1788
352,11268
353,13541
354,14766
355,14193
356,14220
357,9346
358,8651
359,3542
360,10047
361,11869
362,4580
363,9550
364,318
365,14894
366,17629
367,12027
368,10967
369,7593
370,9903
371,6050
372,17487
373,4560
374,9535
375,15815
376,16593
377,4010
378,13592
379,17694
380,16697
381,8932
382,10561
383,10663
384,16108
385,15271
386,9952
387,13207
388,12063
389,2293
390,3325
391,9523
392,4328
393,3919
394,6610
395,3815
396,10254
397,5034
398,9300
399,3851
400,9156
401,4775
402,8250
403,6846
404,14016
405,6167
406,8572
407,5962
408,3989
409,9022
410,7486
411,11762
412,7776
413,4316
414,8594
415,5840
416,16791
417,6735
418,11603
419,1170
420,17447
421,12797
422,15165
423,16907
424,9158
425,14495
426,12696
427,16545
428,7906
429,9994
430,12651
431,16981
432,17600
433,3005
434,7162
435,8916
436,10668
437,16351
438,16997
439,15699
440,12849
441,8981
442,3771
443,13271
444,13595
445,3543
446,8275
447,6297
448,4814
449,4645
450,3816
451,10240
452,10542
453,2045
454,13510
455,8809
456,11329
457,2058
458,1501
459,1504
460,12974
461,15744
462,9613
463,887
464,17292
465,17045
466,2456
467,9260
468,349
469,6973
470,11701
471,15611
472,14652
473,15493
474,16168
475,965
476,7591
477,7090
478,14480
479,4649
480,11005
481,12468
482,9433
483,6652
484,15470
485,14363
486,1117
487,3632
488,12510
489,13175
490,2749
491,13080
492,2943
493,3273
494,4681
495,10627
496,16102
497,10015
498,496
499,10194
500,9753
501,1790
502,5668
503,9407
504,1684
505,1359
506,728
507,16050
508,8688
509,3210
510,7181
511,2303
512,9843
513,11333
514,8204
515,4818
516,15427
517,17948
518,16009
519,9957
520,1692
521,9797
522,17445
523,16125
524,7010
525,8484
526,7654
527,5672
528,5670
529,11799
530,11229
531,7177
532,7417
533,12735
534,10765
535,15187
536,1417
537,12356
538,7350
539,8257
540,3061
541,436
542,4853
543,12498
544,6154
545,8263
546,14791
547,17290
548,13703
549,5060
550,3091
551,126
552,12118
553,3394
554,11578
555,4425
556,6849
557,10343
558,15685
559,1868
560,982
561,11805
562,13405
563,6899
564,12452
565,3305
566,2859
567,11735
568,5164
569,3753
570,2666
571,1021
572,13169
573,4604
574,13817
575,3095
576,17851
577,15991
578,1411
579,16931
580,11649
581,6390
582,12606
583,4134
584,2958
585,17030
586,3054
587,5418
588,9410
589,9833
590,753
591,16724
592,9088
593,7744
594,1551
595,3301
596,4069
597,5188
598,14819
599,17704
600,7892
601,17806
602,13229
603,316
604,17703
605,5454
606,16933
607,7040
608,12751
609,9533
610,14575
611,14429
612,14602
613,10499
614,14173
615,16557
616,6932
617,7056
618,10069
619,10715
620,5052
621,9663
622,15780
623,10530
624,14862
625,9661
626,2622
627,3029
628,5537
629,8868
630,17606
631,12703
632,3215
633,17913
634,123
635,6684
636,5352
637,14672
638,7113
639,9419
640,2726
641,392
642,10205
643,9289
644,3314
645,2218
646,3393
647,15058
648,2077
649,8829
650,4960
651,3587
652,14050
653,12448
654,538
655,8547
656,12413
657,174
658,17406
659,10850
660,10743
661,10764
662,4849
663,4809
664,7027
665,3115
666,15347
667,1470
668,5157
669,12622
670,16006
671,9123
672,7849
673,11970
674,7981
675,533
676,7884
677,11013
678,13245
679,2278
680,2367
681,2318
682,10103
683,3424
684,11450
685,3571
686,15877
687,15041
688,1193
689,9167
690,13427
691,16407
692,8889
693,13982
694,6613
695,2376
696,8925
697,11570
698,6007
699,11840
700,1285
701,1019
702,4511
703,1088
704,825
705,2830
706,6975
707,1635
708,8887
709,10198
710,11533
711,3507
712,3532
713,4516
714,13079
715,10637
716,16374
717,2223
718,15446
719,13012
720,5059
721,16268
722,9529
723,16941
724,645
725,12727
726,8569
727,2891
728,16800
729,13114
730,9555
731,16390
732,11107
733,14093
734,7429
735,7509
736,3960
737,12943
738,9434
739,13190
740,12354
741,13923
742,4269
743,14297
744,10155
745,13956
746,10164
747,8685
748,6708
749,7721
750,10679
751,11769
752,3996
753,15925
754,6541
755,12810
756,6171
757,15690
758,272
759,10615
760,8524
761,12117
762,15086
763,16027
764,13582
765,8078
766,1660
767,2546
768,5240
769,6682
770,8560
771,190
772,9923
773,15965
774,10314
775,8446
776,17367
777,12411
778,16307
779,6840
780,16879
781,2536
782,17798
783,8462
784,8296
785,2918
786,934
787,1106
788,13843
789,9428
790,7402
791,5665
792,15077
793,9700
794,165
795,11288
796,12121
797,12514
798,10344
799,16187
800,5502
801,12521
802,17291
803,1908
804,3441
805,3134
806,2141
807,915
808,7338
809,828
810,13266
811,17979
812,2508
813,14984
814,14628
815,8606
816,80
817,3125
818,10027
819,2881
820,11484
821,10606
822,13089
823,2461
824,16527
825,16782
826,14845
827,4940
828,16992
829,1750
830,13174
831,5075
832,8130
833,15379
834,4088
835,5899
836,9386
837,3066
838,3647
839,11887
840,3439
841,3575
842,17050
843,13007
844,12115
845,5930
846,10467
847,8945
848,13395
849,1957
850,8348
851,896
852,15462
853,5293
854,1242
855,7491
856,9924
857,4057
858,4128
859,10642
860,6764
861,14686
862,17086
863,13309
864,12545
865,15070
866,2677
867,1680
868,8500
869,8437
870,5192
871,17263
872,7639
873,8756
874,17746
875,15880
876,8854
877,8737
878,12232
879,8213
880,10813
881,4824
882,17257
883,11977
884,3718
885,15482
886,16718
887,5648
888,12345
889,201
890,11616
891,225
892,14230
893,529
894,15055
895,10653
896,2743
897,13394
898,16776
899,3636
900,10952
901,12646
902,14415
903,2270
904,9876
905,2582
906,1985
907,3382
908,14091
909,5964
910,14441
911,17642
912,4658
913,11327
914,6645
915,13959
916,1605
917,17237
918,3849
919,1804
920,10586
921,5042
922,16294
923,5373
924,5756
925,11154
926,14654
927,9354
928,11671
929,14261
930,11812
931,16818
932,11321
933,12963
934,4950
935,2641
936,16361
937,10295
938,10138
939,8511
940,11518
941,12252
942,13594
943,4976
944,3328
945,10302
946,17260
947,1100
948,4863
949,5968
950,14275
951,2812
952,11879
953,15731
954,7662
955,7522
956,7036
957,6206
958,8521
959,182
960,7683
961,10605
962,17774
963,2723
964,5543
965,11171
966,4562
967,10635
968,3895
969,16352
970,1879
971,14251
972,14847
973,15255
974,9502
975,2779
976,252
977,10231
978,4037
979,15722
980,14329
981,9774
982,17909
983,12730
984,10954
985,9099
986,8516
987,916
988,1665
989,7080
990,17604
991,15760
992,11384
993,2436
994,11114
995,17152
996,3757
997,17202
998,7848
999,4967
1000,3052
1001,10928
1002,14584
1003,17735
1004,12475
1005,14761
1006,2802
1007,11086
1008,6845
1009,16813
1010,2050
1011,11335
1012,4949
1013,2937
1014,4819
1015,8837
1016,15268
1017,9654
1018,7876
1019,1963
1020,5853
1021,976
1022,9745
1023,6022
1024,1799
1025,7556
1026,1953
1027,5172
1028,2325
1029,16688
1030,16039
1031,13403
1032,5222
1033,14591
1034,7516
1035,3089
1036,14305
1037,8479
1038,2781
1039,7306
1040,13103
1041,10718
1042,15110
1043,1194
1044,17391
1045,5058
1046,8699
1047,12184
1048,9384
1049,8823
1050,7754
1051,5280
1052,4300
1053,7023
1054,2847
1055,15451
1056,5697
1057,14723
1058,15527
1059,4140
1060,17896
1061,14732
1062,12138
1063,13411
1064,1812
1065,13580
1066,6986
1067,4469
1068,7809
1069,2696
1070,14159
1071,17639
1072,10588
1073,472
1074,11007
1075,11078
1076,5622
1077,9258
1078,9114
1079,13499
1080,16658
1081,12875
1082,2712
1083,5345
1084,13455
1085,13094
1086,6519
1087,7910
1088,2483
1089,10924
1090,9847
1091,17572
1092,7033
1093,10284
1094,5085
1095,8189
1096,863
1097,11622
1098,15308
1099,11025
1100,1114
1101,13910
1102,15361
1103,17842
1104,15753
1105,10057
1106,16433
1107,16325
1108,7053
1109,8985
1110,4073
1111,3893
1112,15775
1113,15739
1114,7396
1115,16330
1116,16048
1117,404
1118,7834
1119,13714
1120,7547
1121,5226
1122,7457
1123,11594
1124,6096
1125,15104
1126,8172
1127,650
1128,7769
1129,5404
1130,16793
1131,4807
1132,6027
1133,4030
1134,16922
1135,8481
1136,12570
1137,4608
1138,18
1139,12482
1140,17122
1141,2539
1142,4730
1143,3461
1144,16884
1145,2686
1146,8081
1147,3007
1148,14782
1149,15407
1150,5848
1151,6326
1152,2028
1153,17204
1154,9668
1155,12422
1156,1690
1157,5784
1158,1142
1159,15033
1160,6956
1161,13675
1162,7694
1163,7519
1164,10448
1165,2944
1166,4931
1167,4740
1168,4208
1169,2741
1170,7674
1171,14839
1172,17558
1173,11775
1174,11629
1175,2099
1176,6875
1177,12767
1178,8597
1179,3577
1180,7710
1181,1391
1182,8714
1183,6399
1184,1397
1185,7950
1186,14956
1187,14525
1188,7172
1189,14981
1190,7438
1191,2551
1192,15876
1193,5378
1194,14060
1195,9343
1196,10104
1197,420
1198,2137
1199,7577
1200,5560
1201,2250
1202,3794
1203,2528
1204,6160
1205,14663
1206,4273
1207,3211
1208,5827
1209,1122
1210,3776
1211,5558
1212,671
1213,10073
1214,8610
1215,299
1216,6609
1217,11870
1218,3523
1219,15155
1220,8701
1221,11191
1222,2460
1223,4270
1224,8501
1225,6890
1226,12461
1227,13158
1228,11133
1229,13265
1230,1365
1231,14447
1232,3090
1233,16018
1234,16867
1235,4377
1236,9963
1237,9263
1238,8168
1239,12097
1240,1485
1241,7009
1242,12653
1243,16157
1244,892
1245,6248
1246,2733
1247,737
1248,14272
1249,9840
1250,3321
1251,8254
1252,6019
1253,4583
1254,9796
1255,15270
1256,3467
1257,11172
1258,15972
1259,2414
1260,6182
1261,17649
1262,17062
1263,9824
1264,88
1265,14361
1266,1940
1267,8976
1268,1919
1269,7363
1270,10156
1271,818
1272,12023
1273,10667
1274,391
1275,13241
1276,11027
1277,10288
1278,12662
1279,10400
1280,5750
1281,829
1282,16556
1283,958
1284,9368
1285,2807
1286,5906
1287,1596
1288,6608
1289,12183
1290,14316
1291,17836
1292,7176
1293,7728
1294,7856
1295,9070
1296,289
1297,10367
1298,13398
1299,13543
1300,11811
1301,2363
1302,3899
1303,6272
1304,5196
1305,2428
1306,3317
1307,14865
1308,9860
1309,14277
1310,14989
1311,10733
1312,2088
1313,3287
1314,15598
1315,13587
1316,13602
1317,14081
1318,14642
1319,17309
1320,7907
1321,4815
1322,13123
1323,6349
1324,16258
1325,2063
1326,172
1327,2560
1328,5882
1329,6563
1330,11956
1331,1159
1332,17631
1333,13341
1334,14188
1335,16588
1336,11408
1337,30
1338,4626
1339,12613
1340,16266
1341,13835
1342,3076
1343,4453
1344,9563
1345,17033
1346,9622
1347,14837
1348,7517
1349,2433
1350,807
1351,2520
1352,15928
1353,14065
1354,16154
1355,1160
1356,10177
1357,12004
1358,17297
1359,11843
1360,17765
1361,1241
1362,17620
1363,17207
1364,12988
1365,3436
1366,9205
1367,5765
1368,16414
1369,1890
1370,5008
1371,12414
1372,4040
1373,14780
1374,2906
1375,2814
1376,1832
1377,1473
1378,15409
1379,10880
1380,9992
1381,17346
1382,4334
1383,3699
1384,10632
1385,6070
1386,16757
1387,4866
1388,5791
1389,15325
1390,10549
1391,12907
1392,8293
1393,5411
1394,8184
1395,7379
1396,12722
1397,4086
1398,5766
1399,17441
1400,1886
1401,3031
1402,6327
1403,1014
1404,4954
1405,10972
1406,13154
1407,9605
1408,17897
1409,11733
1410,16902
1411,1819
1412,5599
1413,15295
1414,9184
1415,8775
1416,6864
1417,8345
1418,15946
1419,3021
1420,5294
1421,5391
1422,15869
1423,9729
1424,11045
1425,7336
1426,2915
1427,15142
1428,4222
1429,13272
1430,9498
1431,1782
1432,16080
1433,13759
1434,11810
1435,12358
1436,9391
1437,1760
1438,11308
1439,448
1440,11664
1441,11370
1442,14745
1443,9053
1444,15913
1445,469
1446,8936
1447,4289
1448,16443
1449,10909
1450,13490
1451,1670
1452,4943
1453,6999
1454,13697
1455,10113
1456,4211
1457,4603
1458,15589
1459,15075
1460,10777
1461,17556
1462,17685
1463,10842
1464,12034
1465,5055
1466,11722
1467,14146
1468,16244
1469,1206
1470,9313
1471,5027
1472,12641
1473,7807
1474,8096
1475,4941
1476,5078
1477,13643
1478,15292
1479,401
1480,1550
1481,11482
1482,3126
1483,16075
1484,10750
1485,14566
1486,3775
1487,9887
1488,10357
1489,922
1490,2583
1491,9885
1492,7227
1493,6340
1494,13236
1495,12237
1496,10436
1497,4579
1498,15896
1499,4928
1500,5490
1501,13879
1502,5950
1503,10122
1504,7803
1505,10505
1506,16523
1507,8799
1508,5694
1509,8948
1510,5467
1511,9701
1512,3697
1513,11404
1514,7385
1515,17216
1516,16289
1517,3059
1518,10020
1519,8530
1520,12546
1521,9693
1522,8707
1523,4984
1524,3883
1525,6709
1526,10976
1527,433
1528,12774
1529,1245
1530,7032
1531,5535
1532,15420
1533,14290
1534,17908
1535,3040
1536,3642
1537,6095
1538,10354
1539,86
1540,13136
1541,6239
1542,10540
1543,243
1544,10266
1545,4801
1546,6385
1547,9697
1548,673
1549,8827
1550,2209
1551,11344
1552,7565
1553,15995
1554,8621
1555,400
1556,9059
1557,10840
1558,3796
1559,3709
1560,11547
1561,7665
1562,12755
1563,17676
1564,2472
1565,12432
1566,307
1567,4460
1568,12526
1569,7845
1570,4321
1571,1748
1572,11863
1573,5710
1574,1140
1575,7793
1576,16483
1577,2119
1578,1044
1579,5904
1580,6347
1581,16602
1582,14650
1583,2717
1584,2715
1585,12890
1586,9460
1587,4563
1588,3330
1589,6363
1590,14693
1591,237
1592,10523
1593,5093
1594,12940
1595,16146
1596,839
1597,5753
1598,1121
1599,16387
1600,3780
1601,9882
1602,7866
1603,1002
1604,15623
1605,8400
1606,440
1607,13181
1608,8412
1609,5527
1610,2572
1611,5289
1612,16249
1613,1250
1614,13822
1615,4096
1616,8732
1617,6789
1618,17814
1619,8476
1620,6502
1621,8942
1622,2794
1623,9140
1624,15351
1625,11686
1626,2128
1627,7049
1628,4776
1629,2559
1630,1214
1631,4333
1632,9721
1633,2114
1634,14079
1635,13776
1636,10376
1637,10934
1638,1091
1639,9584
1640,10278
1641,4326
1642,3992
1643,17148
1644,4521
1645,12458
1646,9576
1647,17701
1648,14170
1649,5442
1650,9392
1651,10832
1652,13420
1653,11250
1654,15732
1655,11222
1656,13091
1657,6286
1658,13246
1659,4973
1660,4833
1661,1190
1662,17877
1663,13723
1664,4845
1665,2638
1666,14818
1667,14003
1668,15339
1669,10380
1670,1481
1671,20
1672,12556
1673,2490
1674,7640
1675,16969
1676,6071
1677,16335
1678,11550
1679,8855
1680,9068
1681,10944
1682,17039
1683,2243
1684,3473
1685,17064
1686,1350
1687,16663
1688,12946
1689,6258
1690,2212
1691,8331
1692,6732
1693,16807
1694,7544
1695,13382
1696,644
1697,2504
1698,2601
1699,12460
1700,12409
1701,2435
1702,3977
1703,8240
1704,8173
1705,9338
1706,1986
1707,5647
1708,17831
1709,9295
1710,6952
1711,596
1712,1513
1713,12453
1714,271
1715,14377
1716,5780
1717,5677
1718,12750
1719,651
1720,9999
1721,4554
1722,446
1723,11058
1724,12877
1725,5563
1726,5420
1727,4051
1728,13477
1729,1474
1730,15137
1731,16393
1732,5823
1733,1183
1734,10303
1735,1155
1736,15519
1737,7001
1738,16172
1739,2234
1740,6533
1741,4697
1742,2377
1743,17116
1744,9856
1745,16158
1746,6720
1747,2728
1748,3354
1749,11196
1750,7148
1751,4678
1752,13763
1753,9398
1754,13105
1755,11095
1756,11109
1757,10799
1758,7452
1759,16516
1760,6812
1761,1536
1762,13888
1763,5098
1764,6930
1765,12945
1766,6644
1767,13715
1768,9352
1769,3390
1770,11145
1771,7506
1772,3141
1773,12243
1774,13946
1775,2477
1776,9861
1777,11220
1778,4343
1779,15399
1780,8336
1781,3392
1782,2637
1783,4002
1784,9082
1785,6090
1786,3914
1787,16899
1788,7753
1789,996
1790,4391
1791,15987
1792,9152
1793,12490
1794,4260
1795,16575
1796,6003
1797,8193
1798,12993
1799,14622
1800,1077
1801,16532
1802,11120
1803,5851
1804,17018
1805,5980
1806,16022
1807,8880
1808,7444
1809,7944
1810,14844
1811,16625
1812,1554
1813,1687
1814,14344
1815,9322
1816,9680
1817,13953
1818,2030
1819,13301
1820,14565
1821,9886
1822,9913
1823,1565
1824,3157
1825,14413
1826,7222
1827,1103
1828,12276
1829,15018
1830,8192
1831,8135
1832,10128
1833,9881
1834,6411
1835,11373
1836,1509
1837,5468
1838,7826
1839,1995
1840,1181
1841,6141
1842,259
1843,15526
1844,3247
1845,13478
1846,13497
1847,741
1848,507
1849,187
1850,3566
1851,6572
1852,10508
1853,7739
1854,15003
1855,7012
1856,6914
1857,15125
1858,6020
1859,13219
1860,10616
1861,15422
1862,5615
1863,3413
1864,9811
1865,7685
1866,1307
1867,3289
1868,15076
1869,1894
1870,5542
1871,11254
1872,17845
1873,6631
1874,16790
1875,13066
1876,1493
1877,4384
1878,3896
1879,7825
1880,11844
1881,9894
1882,9148
1883,8844
1884,13451
1885,16504
1886,15150
1887,8468
1888,1585
1889,1425
1890,8214
1891,13833
1892,14617
1893,11780
1894,4341
1895,8454
1896,2990
1897,1413
1898,8644
1899,12179
1900,2623
1901,15525
1902,15251
1903,13424
1904,3340
1905,12621
1906,13807
1907,10510
1908,5013
1909,6593
1910,15442
1911,2312
1912,4482
1913,6632
1914,11137
1915,1239
1916,13006
1917,14739
1918,5538
1919,6883
1920,17114
1921,12635
1922,10258
1923,3381
1924,10042
1925,4999
1926,15750
1927,9565
1928,9470
1929,12389
1930,16836
1931,9176
1932,12399
1933,14884
1934,4674
1935,17461
1936,8118
1937,6719
1938,3965
1939,17595
1940,12806
1941,12685
1942,1256
1943,14639
1944,16631
1945,17634
1946,10460
1947,14127
1948,1754
1949,6606
1950,14059
1951,15310
1952,17359
1953,15181
1954,11552
1955,5019
1956,4021
1957,6192
1958,16342
1959,13693
1960,11
1961,11987
1962,13682
1963,695
1964,8403
1965,9196
1966,15632
1967,7726
1968,4325
1969,6269
1970,17338
1971,4188
1972,3619
1973,15048
1974,15673
1975,12120
1976,4133
1977,13155
1978,1811
1979,13019
1980,13051
1981,8612
1982,5242
1983,10016
1984,16034
1985,12310
1986,17137
1987,2331
1988,9744
1989,5423
1990,7391
1991,13036
1992,11938
1993,6772
1994,9747
1995,8246
1996,3982
1997,1293
1998,13679
1999,16316
2000,6462
2001,5150
2002,7498
2003,3592
2004,14707
2005,6948
2006,2415
2007,16354
2008,9235
2009,4342
2010,17369
2011,17251
2012,212
2013,11738
2014,3100
2015,334
2016,10013
2017,5474
2018,7422
2019,11770
2020,2267
2021,16581
2022,10739
2023,11188
2024,6191
2025,2427
2026,1086
2027,9001
2028,15164
2029,8502
2030,1081
2031,17401
2032,3355
2033,10620
2034,9642
2035,5830
2036,4839
2037,3591
2038,16225
2039,6354
2040,15171
2041,4602
2042,13572
2043,13329
2044,17939
2045,14236
2046,8054
2047,2648
2048,5707
2049,3725
2050,7638
2051,16528
2052,11341
2053,14875
2054,13824
2055,6578
2056,7942
2057,13437
2058,4184
2059,7071
2060,15838
2061,5241
2062,10695
2063,9424
2064,15221
2065,15217
2066,15879
2067,9722
2068,8107
2069,8893
2070,1367
2071,6379
2072,16091
2073,13862
2074,4891
2075,11985
2076,4402
2077,12515
2078,14152
2079,9401
2080,14501
2081,3296
2082,9201
2083,15374
2084,761
2085,15280
2086,2561
2087,7585
2088,3248
2089,8216
2090,1567
2091,8226
2092,10735
2093,11768
2094,8029
2095,1845
2096,11751
2097,10643
2098,7003
2099,4987
2100,3884
2101,12423
2102,1900
2103,193
2104,13371
2105,17099
2106,4434
2107,12675
2108,10736
2109,104
2110,5408
2111,14986
2112,8746
2113,10844
2114,4798
2115,12764
2116,13996
2117,9548
2118,8813
2119,1185
2120,7416
2121,11416
2122,16401
2123,16471
2124,4227
2125,16637
2126,9698
2127,7423
2128,10023
2129,17525
2130,6828
2131,11385
2132,11846
2133,67
2134,13546
2135,3391
2136,17345
2137,14208
2138,4569
2139,181
2140,15127
2141,14534
2142,8828
2143,9040
2144,16343
2145,8370
2146,6775
2147,4945
2148,4181
2149,7868
2150,8817
2151,13317
2152,8782
2153,777
2154,17672
2155,3981
2156,5658
2157,15183
2158,11309
2159,6365
2160,11440
2161,1610
2162,15656
2163,11419
2164,993
2165,8873
2166,1375
2167,4970
2168,6026
2169,2311
2170,13934
2171,15460
2172,3329
2173,11523
2174,8720
2175,9318
2176,17014
2177,7514
2178,14543
2179,15938
2180,7500
2181,17683
2182,5565
2183,10142
2184,1147
2185,494
2186,16358
2187,7967
2188,14322
2189,12036
2190,5199
2191,6776
2192,8697
2193,11328
2194,10378
2195,7211
2196,4898
2197,8262
2198,7580
2199,15447
2200,14743
2201,13925
2202,15439
2203,17214
2204,15804
2205,17777
2206,4923
2207,13487
2208,4977
2209,712
2210,8279
2211,2171
2212,10697
2213,16384
2214,1429
2215,13852
2216,16872
2217,6256
2218,10867
2219,12647
2220,11763
2221,1212
2222,4729
2223,16251
2224,2320
2225,5036
2226,969
2227,5660
2228,13915
2229,13326
2230,15263
2231,554
2232,16541
2233,12873
2234,13212
2235,10358
2236,17850
2237,13166
2238,4653
2239,2242
2240,11448
2241,6939
2242,6299
2243,4917
2244,5207
2245,16143
2246,2342
2247,16505
2248,9173
2249,5126
2250,4522
2251,5834
2252,9850
2253,6562
2254,13830
2255,3736
2256,17866
2257,12012
2258,1712
2259,7696
2260,9171
2261,13375
2262,2865
2263,1325
2264,17583
2265,13092
2266,5304
2267,4725
2268,10227
2269,4546
2270,4576
2271,6014
2272,6807
2273,10940
2274,8872
2275,32
2276,12216
2277,16953
2278,11899
2279,15349
2280,4914
2281,11338
2282,5132
2283,13305
2284,5775
2285,3668
2286,10485
2287,534
2288,17315
2289,11096
2290,2220
2291,13414
2292,12367
2293,12628
2294,4738
2295,7373
2296,16971
2297,5252
2298,13796
2299,15790
2300,7742
2301,14080
2302,13372
2303,11037
2304,12265
2305,4996
2306,1304
2307,16431
2308,4711
2309,8776
2310,11001
2311,12325
2312,13063
2313,11713
2314,10806
2315,5801
2316,15996
2317,13671
2318,2532
2319,10918
2320,2917
2321,15177
2322,2727
2323,3569
2324,1918
2325,5189
2326,11033
2327,15252
2328,10781
2329,15937
2330,8261
2331,3528
2332,14459
2333,8225
2334,4750
2335,11155
2336,3499
2337,7346
2338,17320
2339,6127
2340,437
2341,11710
2342,14805
2343,17545
2344,11102
2345,4149
2346,1260
2347,6518
2348,6559
2349,11945
2350,8700
2351,2506
2352,10864
2353,11215
2354,3308
2355,17541
2356,15381
2357,2745
2358,10139
2359,5504
2360,16398
2361,1054
2362,16099
2363,9592
2364,1766
2365,7263
2366,8686
2367,15912
2368,2701
2369,16128
2370,14692
2371,12986
2372,11855
2373,981
2374,0
2375,3401
2376,16817
2377,14542
2378,5102
2379,11937
2380,15359
2381,3887
2382,13700
2383,13475
2384,8451
2385,16221
2386,10727
2387,1718
2388,1063
2389,5394
2390,17958
2391,6531
2392,15586
2393,9777
2394,14718
2395,2523
2396,17384
2397,14568
2398,10748
2399,6341
2400,8242
2401,16486
2402,13304
2403,14795
2404,12956
2405,8805
2406,11182
2407,11267
2408,11361
2409,5841
2410,10360
2411,1569
2412,12882
2413,635
2414,17617
2415,4168
2416,15529
2417,17818
2418,17640
2419,13133
2420,15037
2421,16296
2422,7178
2423,6033
2424,7914
2425,3882
2426,11148
2427,10593
2428,2663
2429,17286
2430,12425
2431,9269
2432,16210
2433,706
2434,8259
2435,11804
2436,3047
2437,8211
2438,9985
2439,1495
2440,342
2441,6168
2442,9154
2443,2797
2444,8552
2445,3716
2446,12360
2447,13179
2448,17873
2449,8599
2450,11091
2451,10907
2452,15425
2453,5655
2454,6038
2455,12617
2456,4768
2457,12018
2458,11562
2459,9194
2460,9274
2461,5333
2462,16106
2463,10501
2464,9057
2465,11726
2466,6091
2467,3911
2468,419
2469,9947
2470,13248
2471,5555
2472,10092
2473,10362
2474,1347
2475,15644
2476,3222
2477,13519
2478,10347
2479,9611
2480,14034
2481,15801
2482,15893
2483,13288
2484,16667
2485,2458
2486,5561
2487,7068
2488,2408
2489,5948
2490,12126
2491,2580
2492,5045
2493,7971
2494,11576
2495,13603
2496,10711
2497,10587
2498,619
2499,1031
2500,8335
2501,13624
2502,1435
2503,14229
2504,17569
2505,13069
2506,7193
2507,5643
2508,11428
2509,1184
2510,9800
2511,7526
2512,14979
2513,5935
2514,13641
2515,2953
2516,10178
2517,15432
2518,14072
2519,1035
2520,5748
2521,16873
2522,17313
2523,12172
2524,6839
2525,15372
2526,6012
2527,15395
2528,9286
2529,5266
2530,13567
2531,4443
2532,11765
2533,13095
2534,9647
2535,17952
2536,10473
2537,3080
2538,1047
2539,14804
2540,13261
2541,4249
2542,16590
2543,14078
2544,7827
2545,17807
2546,5057
2547,4925
2548,5056
2549,2923
2550,14379
2551,11893
2552,12317
2553,591
2554,6010
2555,8330
2556,10609
2557,15630
2558,6479
2559,1721
2560,5919
2561,11431
2562,7797
2563,11839
2564,413
2565,634
2566,3279
2567,2979
2568,15494
2569,7215
2570,2241
2571,3112
2572,7370
2573,1816
2574,13950
2575,17571
2576,10176
2577,13660
2578,9483
2579,15383
2580,3399
2581,4570
2582,17788
2583,2828
2584,2876
2585,17398
2586,5234
2587,4625
2588,13683
2589,17751
2590,10332
2591,16887
2592,2680
2593,4025
2594,2543
2595,15619
2596,12677
2597,16370
2598,5413
2599,2573
2600,8543
2601,3117
2602,5751
2603,6861
2604,2282
2605,4118
2606,497
2607,4104
2608,13208
2609,6097
2610,1330
2611,7542
2612,7623
2613,383
2614,9353
2615,1623
2616,865
2617,9242
2618,2134
2619,13911
2620,8647
2621,16182
2622,15480
2623,10789
2624,4812
2625,4550
2626,4487
2627,6292
2628,1079
2629,2599
2630,1198
2631,17933
2632,462
2633,6630
2634,16904
2635,16574
2636,17385
2637,15853
2638,4974
2639,15719
2640,17264
2641,16067
2642,9333
2643,14582
2644,6263
2645,10497
2646,11106
2647,8154
2648,5428
2649,2674
2650,7682
2651,6887
2652,17962
2653,11679
2654,2084
2655,17078
2656,6542
2657,1494
2658,4746
2659,8247
2660,6454
2661,4810
2662,12257
2663,14670
2664,16563
2665,8303
2666,8703
2667,12594
2668,2400
2669,8084
2670,8255
2671,9185
2672,10557
2673,5611
2674,11200
2675,2289
2676,1608
2677,14102
2678,12967
2679,10983
2680,12299
2681,12527
2682,13993
2683,8132
2684,12549
2685,1108
2686,10920
2687,7893
2688,3613
2689,9653
2690,1305
2691,4538
2692,6937
2693,11517
2694,1407
2695,876
2696,1726
2697,13130
2698,417
2699,8761
2700,14948
2701,14105
2702,1826
2703,4288
2704,13482
2705,10533
2706,3678
2707,13351
2708,112
2709,5623
2710,460
2711,14601
2712,14042
2713,994
2714,7956
2715,4510
2716,13031
2717,9137
2718,14731
2719,13349
2720,12176
2721,10199
2722,5785
2723,9731
2724,868
2725,3419
2726,16795
2727,4772
2728,10059
2729,17430
2730,7764
2731,17784
2732,13873
2733,13275
2734,14009
2735,6235
2736,15220
2737,2497
2738,14352
2739,16849
2740,10494
2741,1454
2742,6353
2743,521
2744,10506
2745,16979
2746,6657
2747,14271
2748,15567
2749,3871
2750,4014
2751,14333
2752,7169
2753,7525
2754,7236
2755,4395
2756,13137
2757,8124
2758,9735
2759,95
2760,8011
2761,7572
2762,1380
2763,2208
2764,3864
2765,17121
2766,15561
2767,1993
2768,12316
2769,7563
2770,15891
2771,766
2772,4045
2773,7691
2774,1164
2775,16233
2776,10645
2777,6147
2778,16672
2779,1025
2780,6490
2781,14140
2782,241
2783,170
2784,13520
2785,16455
2786,16107
2787,17190
2788,15332
2789,11716
2790,17565
2791,10252
2792,16379
2793,8704
2794,7566
2795,3282
2796,2006
2797,13547
2798,13962
2799,6885
2800,4041
2801,6497
2802,6234
2803,3451
2804,10955
2805,7524
2806,17753
2807,1898
2808,13542
2809,557
2810,4126
2811,9497
2812,5596
2813,8006
2814,13011
2815,1456
2816,16229
2817,117
2818,13606
2819,7102
2820,14822
2821,16372
2822,12867
2823,8689
2824,10536
2825,1791
2826,8950
2827,10761
2828,11311
2829,13987
2830,12719
2831,1552
2832,10237
2833,2368
2834,12165
2835,10140
2836,2132
2837,3750
2838,9399
2839,1852
2840,7531
2841,8308
2842,7028
2843,16378
2844,14798
2845,12707
2846,8863
2847,9754
2848,14312
2849,6308
2850,2502
2851,9007
2852,17675
2853,5140
2854,13390
2855,8133
2856,15852
2857,3366
2858,4299
2859,13558
2860,4517
2861,2422
2862,5231
2863,729
2864,8177
2865,12028
2866,7487
2867,12950
2868,1027
2869,22
2870,14569
2871,15301
2872,5632
2873,694
2874,7943
2875,780
2876,2873
2877,1227
2878,14323
2879,16991
2880,486
2881,6800
2882,7365
2883,294
2884,12285
2885,881
2886,1532
2887,16959
2888,2225
2889,15423
2890,7271
2891,7945
2892,13728
2893,9650
2894,14194
2895,7279
2896,1584
2897,1137
2898,1895
2899,12575
2900,6084
2901,14028
2902,10754
2903,6061
2904,10489
2905,10477
2906,17242
2907,7399
2908,4668
2909,17819
2910,6904
2911,2232
2912,14610
2913,781
2914,12178
2915,14212
2916,11965
2917,16381
2918,2936
2919,12957
2920,14810
2921,2593
2922,3818
2923,16822
2924,16240
2925,11640
2926,4344
2927,14517
2928,17312
2929,16098
2930,6371
2931,8383
2932,10712
2933,921
2934,304
2935,5897
2936,5311
2937,9029
2938,5424
2939,5585
2940,15105
2941,17157
2942,6512
2943,16032
2944,14691
2945,5336
2946,4606
2947,15956
2948,94
2949,7589
2950,15293
2951,6302
2952,3360
2953,17840
2954,6117
2955,1059
2956,14187
2957,12008
2958,14552
2959,10078
2960,4036
2961,1484
2962,8014
2963,5912
2964,4561
2965,3640
2966,14393
2967,6929
2968,1725
2969,16203
2970,12960
2971,3717
2972,5017
2973,5667
2974,5895
2975,2998
2976,3878
2977,15175
2978,9694
2979,4274
2980,11324
2981,15226
2982,6545
2983,6386
2984,10997
2985,14699
2986,8629
2987,7810
2988,6135
2989,4647
2990,653
2991,2189
2992,10335
2993,11890
2994,17252
2995,16677
2996,8101
2997,6311
2998,13636
2999,9237
3000,11136
3001,8357
3002,17498
3003,484
3004,12314
3005,13358
3006,15676
3007,1418
3008,1797
3009,6831
3010,7284
3011,7398
3012,6841
3013,6798
3014,6376
3015,15457
3016,10280
3017,14813
3018,12355
3019,15743
3020,13738
3021,5595
3022,4283
3023,17786
3024,12055
3025,17006
3026,15565
3027,5976
3028,1951
3029,5995
3030,10852
3031,2426
3032,13184
3033,6301
3034,6726
3035,8486
3036,4308
3037,9065
3038,13863
3039,10393
3040,17891
3041,1075
3042,13337
3043,17333
3044,17691
3045,11930
3046,3711
3047,9821
3048,12796
3049,357
3050,11459
3051,527
3052,160
3053,12086
3054,10228
3055,3376
3056,16944
3057,3015
3058,14399
3059,936
3060,8935
3061,1168
3062,5325
3063,13367
3064,6173
3065,15728
3066,8252
3067,14199
3068,1266
3069,8300
3070,7804
3071,14069
3072,16461
3073,3475
3074,5169
3075,17357
3076,368
3077,16150
3078,5479
3079,16245
3080,17504
3081,15093
3082,10404
3083,16554
3084,556
3085,1936
3086,13739
3087,16695
3088,8607
3089,1930
3090,6398
3091,1202
3092,13948
3093,7281
3094,583
3095,13906
3096,11553
3097,17068
3098,13745
3099,9422
3100,1768
3101,10218
3102,7921
3103,11491
3104,17112
3105,13077
3106,2810
3107,14788
3108,2362
3109,12082
3110,1602
3111,16329
3112,8360
3113,778
3114,8797
3115,6261
3116,2982
3117,15413
3118,6244
3119,16459
3120,2885
3121,1109
3122,2838
3123,15141
3124,14258
3125,13188
3126,12941
3127,12180
3128,17037
3129,1254
3130,17755
3131,15596
3132,566
3133,13913
3134,6437
3135,7844
3136,9336
3137,17682
3138,1000
3139,11457
3140,12099
3141,17533
3142,10706
3143,5223
3144,16727
3145,2020
3146,12156
3147,16511
3148,12363
3149,11406
3150,1808
3151,13242
3152,17697
3153,16572
3154,10028
3155,3014
3156,17626
3157,15916
3158,6712
3159,13746
3160,3004
3161,14882
3162,14702
3163,6208
3164,7425
3165,1319
3166,10720
3167,5096
3168,11009
3169,1730
3170,12809
3171,570
3172,9238
3173,1671
3174,6430
3175,4834
3176,10721
3177,17919
3178,8049
3179,3534
3180,17994
3181,9366
3182,2226
3183,15029
3184,5032
3185,17021
3186,1715
3187,2117
3188,9911
3189,15936
3190,1066
3191,11747
3192,12230
3193,2833
3194,16419
3195,6079
3196,7977
3197,145
3198,898
3199,12250
3200,8495
3201,9145
3202,17647
3203,12874
3204,7475
3205,3265
3206,5769
3207,15606
3208,602
3209,5726
3210,661
3211,6920
3212,7650
3213,10582
3214,1581
3215,3749
3216,4667
3217,5747
3218,4480
3219,10830
3220,13113
3221,9244
3222,9991
3223,9429
3224,7564
3225,6218
3226,1664
3227,1090
3228,2904
3229,11432
3230,15341
3231,6815
3232,12167
3233,809
3234,8297
3235,5798
3236,381
3237,4198
3238,6892
3239,1743
3240,12058
3241,1762
3242,17318
3243,1801
3244,15655
3245,4641
3246,8587
3247,5607
3248,718
3249,925
3250,2550
3251,917
3252,3318
3253,7592
3254,3844
3255,12331
3256,16135
3257,9267
3258,5247
3259,6431
3260,13502
3261,11525
3262,11681
3263,6488
3264,16958
3265,13968
3266,11121
3267,2652
3268,6131
3269,13404
3270,4535
3271,11998
3272,5627
3273,7888
3274,13761
3275,12080
3276,12598
3277,1275
3278,6024
3279,10272
3280,3012
3281,2146
3282,1177
3283,5836
3284,11497
3285,12656
3286,17163
3287,11070
3288,907
3289,10261
3290,14547
3291,8920
3292,1400
3293,7466
3294,3576
3295,6300
3296,8271
3297,15601
3298,2455
3299,11376
3300,7297
3301,6997
3302,14005
3303,10064
3304,2102
3305,9645
3306,11264
3307,6934
3308,14898
3309,7995
3310,5925
3311,6903
3312,3352
3313,248
3314,7319
3315,17727
3316,7194
3317,6706
3318,17628
3319,8832
3320,625
3321,9186
3322,17790
3323,7801
3324,12925
3325,16573
3326,10184
3327,17059
3328,17224
3329,3234
3330,9980
3331,9867
3332,16270
3333,2527
3334,8760
3335,13899
3336,14664
3337,10675
3338,16388
3339,10352
3340,11897
3341,17047
3342,4159
3343,3813
3344,10337
3345,10482
3346,13523
3347,1458
3348,6190
3349,12111
3350,16432
3351,14936
3352,16395
3353,11458
3354,17803
3355,5678
3356,6628
3357,13132
3358,14378
3359,16010
3360,17895
3361,9135
3362,17253
3363,564
3364,4896
3365,15242
3366,1679
3367,9048
3368,5184
3369,7567
3370,1578
3371,8551
3372,12679
3373,11496
3374,14641
3375,17326
3376,9252
3377,1688
3378,4081
3379,2547
3380,14701
3381,11927
3382,1073
3383,10379
3384,12245
3385,1925
3386,3037
3387,4690
3388,10747
3389,5210
3390,13605
3391,14704
3392,11305
3393,5736
3394,5646
3395,14252
3396,445
3397,14524
3398,15376
3399,7680
3400,13895
3401,15803
3402,15857
3403,5892
3404,16787
3405,16373
3406,412
3407,11546
3408,10133
3409,9892
3410,1813
3411,12249
3412,13350
3413,9568
3414,2206
3415,17165
3416,10563
3417,5642
3418,156
3419,8093
3420,1631
3421,4066
3422,14597
3423,11602
3424,684
3425,14116
3426,14854
3427,4702
3428,6348
3429,48
3430,5932
3431,8318
3432,5790
3433,2973
3434,3615
3435,2612
3436,15977
3437,1508
3438,8618
3439,1372
3440,10737
3441,6713
3442,6804
3443,15
3444,11043
3445,3514
3446,17340
3447,16564
3448,11958
3449,3013
3450,17473
3451,16389
3452,13126
3453,15168
3454,5689
3455,7117
3456,12745
3457,12989
3458,3277
3459,427
3460,4762
3461,6734
3462,3832
3463,4596
3464,10691
3465,16231
3466,14151
3467,13015
3468,13712
3469,12197
3470,9711
3471,4770
3472,6818
3473,13557
3474,17423
3475,15870
3476,10785
3477,15300
3478,1436
3479,4084
3480,11243
3481,2038
3482,4153
3483,3208
3484,4712
3485,5986
3486,12968
3487,2348
3488,14709
3489,10480
3490,16072
3491,15997
3492,10516
3493,8404
3494,6183
3495,10512
3496,562
3497,5187
3498,4015
3499,12813
3500,11444
3501,8493
3502,17987
3503,14967
3504,17128
3505,10204
3506,2370
3507,8694
3508,11940
3509,14364
3510,12096
3511,11695
3512,3823
3513,11877
3514,5063
3515,7146
3516,13432
3517,6769
3518,8068
3519,15976
3520,11621
3521,5456
3522,2095
3523,5441
3524,4144
3525,2130
3526,15234
3527,8649
3528,9200
3529,2806
3530,17480
3531,9330
3532,9501
3533,16741
3534,17090
3535,15209
3536,17506
3537,17671
3538,15236
3539,15160
3540,16551
3541,11493
3542,8918
3543,1956
3544,9414
3545,5228
3546,14313
3547,13182
3548,17713
3549,10046
3550,4985
3551,1488
3552,11088
3553,7679
3554,7957
3555,5759
3556,10327
3557,4592
3558,10202
3559,6137
3560,8016
3561,455
3562,7419
3563,15580
3564,46
3565,16188
3566,14166
3567,17218
3568,5090
3569,11803
3570,13391
3571,4379
3572,4077
3573,17589
3574,12920
3575,15618
3576,9727
3577,12011
3578,7937
3579,7335
3580,3672
3581,12139
3582,4297
3583,16794
3584,576
3585,13549
3586,17283
3587,5344
3588,15476
3589,850
3590,15761
3591,14808
3592,2632
3593,8043
3594,4033
3595,9177
3596,2070
3597,12366
3598,10871
3599,10268
3600,3196
3601,1259
3602,17677
3603,805
3604,4630
3605,15754
3606,1237
3607,11094
3608,5673
3609,8313
3610,13518
3611,7190
3612,14478
3613,17687
3614,17266
3615,16531
3616,2484
3617,8353
3618,8949
3619,12724
3620,15894
3621,9125
3622,770
3623,11187
3624,10509
3625,14660
3626,9377
3627,11245
3628,16314
3629,9580
3630,8182
3631,5939
3632,12949
3633,2967
3634,616
3635,1262
3636,878
3637,12892
3638,4537
3639,11175
3640,7909
3641,10646
3642,7590
3643,7276
3644,3334
3645,15975
3646,17928
3647,14192
3648,9577
3649,8725
3650,1306
3651,7316
3652,17138
3653,11549
3654,813
3655,5176
3656,15737
3657,14821
3658,16558
3659,7182
3660,1393
3661,16820
3662,4229
3663,5556
3664,1213
3665,17534
3666,11908
3667,17028
3668,16752
3669,9541
3670,270
3671,8877
3672,10396
3673,13783
3674,942
3675,6222
3676,7067
3677,17901
3678,6119
3679,10866
3680,3385
3681,13333
3682,7240
3683,16645
3684,4064
3685,4707
3686,14546
3687,2868
3688,6404
3689,2106
3690,8393
3691,10065
3692,14562
3693,16371
3694,15408
3695,16680
3696,14450
3697,12689
3698,14423
3699,10685
3700,12065
3701,16949
3702,5591
3703,15726
3704,10119
3705,9218
3706,3375
3707,1764
3708,3997
3709,17632
3710,13407
3711,11567
3712,2255
3713,4933
3714,4907
3715,2140
3716,2974
3717,13461
3718,6661
3719,6466
3720,12085
3721,5675
3722,13586
3723,10172
3724,8690
3725,13573
3726,8905
3727,8940
3728,7495
3729,2731
3730,7243
3731,3356
3732,14309
3733,669
3734,14388
3735,9207
3736,6770
3737,11593
3738,6980
3739,7061
3740,3249
3741,7141
3742,4129
3743,14685
3744,12133
3745,7794
3746,6944
3747,9636
3748,10610
3749,3663
3750,8613
3751,16180
3752,7248
3753,1339
3754,10244
3755,9990
3756,4131
3757,3865
3758,16975
3759,5079
3760,6039
3761,10658
3762,14710
3763,1511
3764,622
3765,2776
3766,14104
3767,7785
3768,14684
3769,12905
3770,12271
3771,10723
3772,1092
3773,8183
3774,7249
3775,13014
3776,2822
3777,2491
3778,4747
3779,2235
3780,13574
3781,4872
3782,9978
3783,8424
3784,7157
3785,1720
3786,17496
3787,1701
3788,9324
3789,1740
3790,11880
3791,8555
3792,3870
3793,13883
3794,14336
3795,8819
3796,14890
3797,5201
3798,14868
3799,1203
3800,8086
3801,9012
3802,17665
3803,10969
3804,3837
3805,4778
3806,7283
3807,12863
3808,12347
3809,6535
3810,11507
3811,9540
3812,13128
3813,12697
3814,10705
3815,2987
3816,57
3817,12300
3818,11604
3819,10982
3820,12721
3821,16566
3822,10584
3823,13308
3824,7759
3825,14142
3826,3598
3827,10108
3828,8337
3829,6703
3830,16964
3831,17804
3832,578
3833,9760
3834,7264
3835,4436
3836,17298
3837,16540
3838,10427
3839,5251
3840,16641
3841,6403
3842,17737
3843,1224
3844,14793
3845,4287
3846,17868
3847,5486
3848,12202
3849,10101
3850,4704
3851,12275
3852,64
3853,15544
3854,17171
3855,12772
3856,17722
3857,14360
3858,11841
3859,8447
3860,6152
3861,4119
3862,893
3863,13013
3864,3714
3865,7731
3866,136
3867,12586
3868,5123
3869,11504
3870,811
3871,13581
3872,1773
3873,7723
3874,10053
3875,6707
3876,17199
3877,12227
3878,8269
3879,9
3880,6716
3881,15179
3882,17368
3883,13072
3884,15507
3885,8038
3886,14432
3887,308
3888,4160
3889,9461
3890,9063
3891,17287
3892,4019
3893,6577
3894,11098
3895,8236
3896,247
3897,13607
3898,9248
3899,3485
3900,16421
3901,7128
3902,3584
3903,716
3904,16940
3905,17946
3906,3574
3907,10083
3908,12305
3909,17611
3910,17974
3911,4572
3912,10995
3913,2971
3914,8364
3915,2017
3916,8241
3917,8010
3918,8959
3919,7327
3920,11221
3921,11421
3922,10322
3923,16008
3924,5455
3925,804
3926,5616
3927,16300
3928,6485
3929,16999
3930,8136
3931,6989
3932,121
3933,1112
3934,17067
3935,16130
3936,12843
3937,366
3938,16226
3939,8151
3940,9792
3941,7143
3942,2174
3943,10154
3944,15666
3945,16706
3946,17956
3947,17428
3948,3226
3949,4212
3950,2100
3951,12462
3952,2931
3953,17666
3954,16754
3955,11919
3956,7536
3957,10657
3958,17521
3959,7688
3960,2076
3961,9126
3962,7244
3963,9495
3964,10271
3965,1145
3966,6287
3967,3846
3968,15207
3969,17294
3970,13555
3971,11299
3972,2901
3973,17538
3974,4771
3975,13747
3976,1476
3977,17284
3978,6427
3979,16424
3980,2136
3981,10022
3982,6600
3983,9224
3984,5954
3985,14777
3986,6242
3987,5552
3988,4911
3989,3429
3990,2033
3991,16709
3992,50
3993,9699
3994,13252
3995,14001
3996,747
3997,4382
3998,542
3999,8268
4000,3442
4001,10397
4002,3525
4003,8074
4004,13784
4005,1433
4006,5374
4007,1195
4008,9480
4009,15062
4010,12412
4011,3448
4012,4743
4013,16466
4014,9098
4015,17073
4016,5086
4017,7242
4018,14454
4019,6881
4020,4969
4021,13107
4022,2769
4023,12144
4024,15047
4025,3948
4026,9325
4027,7677
4028,15707
4029,6472
4030,6528
4031,12934
4032,16064
4033,722
4034,16196
4035,6580
4036,17407
4037,3425
4038,9594
4039,13270
4040,13801
4041,9951
4042,9085
4043,6730
4044,1126
4045,551
4046,1823
4047,3788
4048,6590
4049,1364
4050,1022
4051,502
4052,2307
4053,10905
4054,1447
4055,12998
4056,10888
4057,16927
4058,11206
4059,11395
4060,2646
4061,7184
4062,14123
4063,15646
4064,6693
4065,7290
4066,9264
4067,5989
4068,2841
4069,7799
4070,13388
4071,14520
4072,6245
4073,5877
4074,12581
4075,1371
4076,4398
4077,12528
4078,1480
4079,992
4080,2186
4081,16903
4082,1512
4083,12244
4084,5431
4085,12067
4086,6046
4087,5944
4088,3665
4089,11979
4090,1219
4091,7857
4092,16278
4093,12919
4094,14905
4095,15974
4096,8117
4097,13976
4098,12980
4099,9879
4100,5602
4101,15629
4102,13291
4103,10416
4104,14536
4105,5343
4106,17805
4107,10232
4108,11951
4109,4938
4110,11397
4111,15250
4112,14765
4113,7477
4114,73
4115,15161
4116,3553
4117,13380
4118,14061
4119,17643
4120,3506
4121,16639
4122,11746
4123,1449
4124,14359
4125,1922
4126,10157
4127,10698
4128,9128
4129,15126
4130,17131
4131,9100
4132,11540
4133,3843
4134,3300
4135,3666
4136,13983
4137,4523
4138,320
4139,7436
4140,15156
4141,15797
4142,3253
4143,6104
4144,5850
4145,10941
4146,7424
4147,1871
4148,4978
4149,565
4150,8280
4151,2205
4152,13685
4153,8008
4154,6335
4155,8407
4156,3171
4157,4354
4158,15085
4159,4980
4160,326
4161,222
4162,5422
4163,2344
4164,1016
4165,1933
4166,11177
4167,11847
4168,12676
4169,11632
4170,15960
4171,7286
4172,7427
4173,5237
4174,3826
4175,7984
4176,10070
4177,4109
4178,9365
4179,7902
4180,1558
4181,204
4182,5395
4183,5421
4184,1171
4185,12071
4186,7960
4187,15547
4188,12456
4189,10630
4190,14083
4191,9002
4192,4559
4193,15015
4194,487
4195,14133
4196,10751
4197,3123
4198,178
4199,4781
4200,10144
4201,1676
4202,7586
4203,13192
4204,6763
4205,3744
4206,7261
4207,12909
4208,11972
4209,10453
4210,17898
4211,11356
4212,12069
4213,12396
4214,1329
4215,7559
4216,15564
4217,3118
4218,16550
4219,14750
4220,9910
4221,15031
4222,1023
4223,2316
4224,295
4225,11236
4226,3255
4227,8921
4228,2306
4229,5609
4230,11469
4231,2870
4232,592
4233,8079
4234,6987
4235,11600
4236,7828
4237,16960
4238,11485
4239,13005
4240,16738
4241,7334
4242,16193
4243,10135
4244,14769
4245,10500
4246,1020
4247,7034
4248,16267
4249,10370
4250,711
4251,7934
4252,3554
4253,8807
4254,15661
4255,1606
4256,9526
4257,2616
4258,1222
4259,12631
4260,3092
4261,16327
4262,7501
4263,16066
4264,4722
4265,1272
4266,8798
4267,2534
4268,1341
4269,14391
4270,15353
4271,6054
4272,2798
4273,6916
4274,8758
4275,16306
4276,1376
4277,836
4278,1490
4279,5364
4280,5112
4281,12547
4282,9854
4283,675
4284,1913
4285,9723
4286,7442
4287,16797
4288,7086
4289,17763
4290,3912
4291,16309
4292,2018
4293,256
4294,3970
4295,7212
4296,3430
4297,4280
4298,1297
4299,1641
4300,7766
4301,3320
4302,7101
4303,16762
4304,2466
4305,782
4306,13004
4307,11231
4308,14783
4309,3482
4310,15321
4311,6375
4312,10780
4313,3917
4314,5113
4315,11042
4316,17638
4317,541
4318,8406
4319,12705
4320,6705
4321,2846
4322,13889
4323,2269
4324,12693
4325,11522
4326,5819
4327,6483
4328,13325
4329,12687
4330,12603
4331,17211
4332,12491
4333,9707
4334,13860
4335,6953
4336,2007
4337,17134
4338,12224
4339,883
4340,9037
4341,1588
4342,3341
4343,12196
4344,15778
4345,5839
4346,3561
4347,6658
4348,4621
4349,442
4350,7636
4351,13474
4352,3503
4353,11346
4354,10731
4355,6058
4356,6744
4357,15083
4358,3281
4359,2671
4360,11152
4361,12860
4362,6919
4363,13808
4364,14389
4365,8347
4366,90
4367,14058
4368,16058
4369,3681
4370,9632
4371,11331
4372,14110
4373,3288
4374,3985
4375,5684
4376,1138
4377,12234
4378,2359
4379,7853
4380,15682
4381,11023
4382,15688
4383,9908
4384,1221
4385,6560
4386,5239
4387,16731
4388,17951
4389,10865
4390,10454
4391,6229
4392,3822
4393,3447
4394,14817
4395,11223
4396,7455
4397,8341
4398,3628
4399,5120
4400,6543
4401,4497
4402,6459
4403,14367
4404,15824
4405,14870
4406,2204
4407,2675
4408,5554
4409,6653
4410,9193
4411,3388
4412,17422
4413,9431
4414,8418
4415,16998
4416,5197
4417,6042
4418,1817
4419,3096
4420,15603
4421,6277
4422,13775
4423,15535
4424,15348
4425,10859
4426,16552
4427,14623
4428,1645
4429,2133
4430,8568
4431,9762
4432,9884
4433,16029
4434,5613
4435,16440
4436,15371
4437,3601
4438,15219
4439,11573
4440,2448
4441,4582
4442,9664
4443,11495
4444,14494
4445,11105
4446,16567
4447,13100
4448,6149
4449,6451
4450,880
4451,5119
4452,15662
4453,6461
4454,6450
4455,11340
4456,8171
4457,1123
4458,6145
4459,9624
4460,14848
4461,7839
4462,9013
4463,16678
4464,3827
4465,7022
4466,11010
4467,10771
4468,2942
4469,10246
4470,8309
4471,3804
4472,10677
4473,422
4474,16789
4475,16383
4476,8431
4477,14128
4478,1405
4479,11364
4480,11601
4481,1345
4482,5614
4483,678
4484,912
4485,3927
4486,8944
4487,984
4488,2853
4489,17618
4490,17920
4491,7951
4492,10797
4493,8338
4494,7534
4495,7109
4496,14302
4497,5436
4498,15433
4499,10626
